ID,Time,EV_station,Durable_time,Charge_demand
0,0,[1 2 3],8,5
1,0,[5 3 4],21,3
2,0,[3 5 4],11,2
3,0,[3 1 5],16,5
4,0,[2 4 1],5,5
5,0,[1 2 4],8,3
6,0,[1 3 2],15,1
7,0,[1 2 4],6,4
8,1,[3 1 5],16,3
9,1,[3 5 4],21,2
10,1,[4 1 2],10,1
11,1,[1 2 3],9,5
12,1,[2 1 4],6,2
13,3,[3 5 1],6,4
14,3,[4 2 5],8,3
15,5,[2 4 1],9,3
16,6,[5 3 4],11,4
17,6,[3 5 1],6,5
18,6,[5 3 4],5,4
19,6,[1 3 4],2,1
20,6,[2 4 1],6,3
21,6,[3 1 5],9,1
22,6,[1 2 3],8,2
23,6,[4 1 2],4,2
24,6,[4 1 2],13,4
25,6,[1 3 4],2,1
26,6,[3 1 5],23,1
27,6,[3 5 4],6,3
28,6,[3 5 4],12,3
29,6,[3 1 5],2,2
30,6,[1 3 2],8,3
31,6,[1 3 4],6,2
32,6,[1 3 2],9,2
33,6,[5 3 4],7,4
34,6,[4 1 2],4,3
35,6,[3 1 5],14,3
36,6,[5 3 4],3,2
37,6,[4 3 5],3,2
38,6,[5 4 3],4,4
39,6,[2 4 1],9,2
40,6,[1 3 4],15,4
41,6,[4 3 5],3,2
42,7,[4 2 1],12,2
43,7,[1 2 3],7,1
44,7,[4 1 2],2,1
45,7,[1 2 4],23,5
46,7,[1 3 4],7,1
47,7,[1 3 2],3,3
48,7,[1 3 4],9,2
49,7,[5 4 3],2,2
50,7,[4 3 5],11,4
51,7,[5 4 3],15,3
52,7,[1 3 2],11,5
53,7,[3 1 5],23,2
54,7,[3 5 4],7,1
55,7,[4 3 5],7,4
56,7,[1 2 3],17,2
57,7,[4 3 5],9,4
58,7,[1 2 3],20,4
59,7,[3 1 5],11,5
60,7,[2 1 4],16,2
61,7,[4 5 3],19,2
62,7,[5 3 4],4,3
63,7,[1 2 4],6,5
64,7,[5 4 3],4,4
65,7,[4 3 5],15,1
66,7,[3 1 5],4,4
67,7,[1 3 2],8,4
68,7,[3 5 1],6,4
69,7,[3 1 5],5,5
70,7,[2 1 4],4,4
71,7,[1 2 4],4,2
72,7,[3 5 4],9,5
73,7,[1 3 2],7,5
74,7,[5 4 3],9,2
75,7,[2 4 1],7,3
76,7,[1 3 4],4,1
77,7,[4 1 2],22,4
78,7,[2 1 4],8,5
79,8,[5 3 4],12,5
80,8,[1 2 4],4,1
81,8,[5 3 4],5,4
82,8,[3 5 4],18,1
83,8,[3 1 5],8,4
84,8,[1 3 4],5,5
85,8,[3 1 5],6,4
86,8,[1 3 2],6,4
87,8,[2 1 4],3,3
88,8,[4 2 5],7,3
89,8,[4 1 2],7,3
90,8,[2 4 1],1,1
91,8,[1 2 3],6,2
92,8,[3 5 1],7,5
93,8,[2 1 4],8,3
94,8,[3 1 5],4,3
95,8,[3 5 4],20,4
96,8,[2 1 4],5,3
97,8,[1 2 3],7,2
98,8,[4 2 1],11,5
99,8,[1 3 2],7,3
100,8,[1 3 2],11,4
101,8,[4 1 2],4,3
102,8,[1 2 4],12,5
103,8,[5 3 4],4,1
104,8,[4 3 5],4,1
105,8,[4 5 3],8,5
106,8,[4 3 5],6,4
107,8,[3 1 5],14,4
108,8,[1 3 2],17,1
109,8,[5 4 3],9,1
110,8,[5 3 4],4,4
111,8,[1 3 4],5,5
112,8,[2 1 4],7,3
113,8,[3 1 5],8,5
114,8,[1 3 2],4,3
115,8,[2 4 1],2,2
116,8,[1 3 2],4,3
117,8,[5 3 4],9,2
118,8,[5 3 4],5,3
119,8,[3 5 4],6,3
120,8,[1 2 4],12,2
121,8,[3 1 5],2,1
122,8,[5 3 4],1,1
123,8,[2 1 4],4,2
124,8,[4 5 3],9,4
125,8,[2 4 1],3,1
126,8,[5 3 4],4,2
127,8,[1 3 2],7,5
128,8,[3 1 5],2,2
129,8,[3 5 1],1,1
130,8,[1 3 2],5,4
131,8,[4 2 1],13,4
132,8,[4 1 2],7,3
133,8,[1 3 4],20,5
134,9,[1 2 3],8,1
135,9,[5 3 4],6,5
136,9,[2 4 1],1,1
137,9,[1 3 2],22,4
138,9,[1 2 4],11,2
139,9,[4 2 5],7,5
140,9,[1 3 2],19,4
141,9,[3 5 1],3,2
142,9,[2 1 4],12,3
143,9,[4 1 2],9,4
144,9,[1 2 3],9,3
145,9,[4 2 5],8,3
146,9,[3 1 5],3,3
147,9,[2 1 4],9,2
148,9,[4 2 1],6,5
149,9,[2 1 4],7,1
150,9,[2 1 4],8,4
151,9,[2 4 1],3,3
152,9,[3 1 5],12,5
153,9,[3 5 4],5,1
154,9,[5 3 4],6,1
155,9,[2 1 4],4,4
156,9,[3 5 4],8,4
157,9,[1 3 2],4,1
158,9,[1 3 2],13,4
159,9,[4 3 5],2,2
160,9,[1 2 4],8,4
161,9,[3 5 4],4,2
162,9,[3 5 1],4,4
163,9,[4 1 2],8,1
164,9,[4 1 2],11,1
165,9,[3 1 5],8,3
166,9,[1 2 4],12,2
167,9,[2 1 4],7,4
168,10,[5 3 4],7,1
169,10,[4 2 5],16,5
170,10,[5 4 3],4,4
171,10,[4 2 5],13,1
172,10,[3 1 5],4,1
173,10,[3 1 5],8,4
174,10,[1 2 4],11,2
175,10,[2 1 4],5,2
176,10,[2 4 1],7,1
177,10,[3 1 5],16,2
178,10,[2 1 4],20,1
179,10,[3 5 1],3,1
180,10,[4 2 1],5,5
181,10,[1 3 2],7,5
182,11,[3 1 5],1,1
183,11,[2 1 4],4,3
184,11,[5 3 4],4,2
185,11,[5 4 3],5,5
186,11,[3 1 5],10,4
187,12,[4 2 5],23,5
188,12,[4 1 2],10,1
189,12,[2 1 4],9,2
190,12,[1 3 2],4,2
191,12,[4 2 5],5,3
192,12,[3 5 4],10,2
193,12,[3 1 5],3,2
194,12,[1 3 2],22,3
195,12,[1 3 2],10,2
196,12,[2 1 4],6,2
197,12,[3 1 5],12,2
198,12,[3 1 5],3,2
199,12,[5 3 4],2,1
200,12,[3 1 5],20,3
201,12,[4 3 5],5,5
202,13,[3 5 1],3,2
203,13,[4 1 2],24,4
204,13,[2 1 4],23,5
205,13,[3 5 4],15,3
206,13,[3 1 5],8,2
207,13,[4 1 2],5,4
208,13,[2 4 1],8,5
209,13,[5 3 4],5,4
210,13,[3 5 4],9,4
211,13,[3 5 4],5,3
212,13,[4 2 1],5,3
213,13,[4 5 3],19,5
214,13,[4 1 2],6,1
215,13,[1 3 2],8,3
216,13,[1 3 2],19,1
217,13,[3 5 4],19,4
218,13,[1 2 3],8,4
219,13,[3 1 5],15,2
220,13,[3 1 5],14,5
221,13,[3 1 5],13,1
222,13,[3 5 1],7,3
223,13,[3 1 5],13,2
224,13,[4 3 5],1,1
225,13,[3 1 5],11,2
226,13,[1 2 3],2,1
227,13,[1 3 2],10,5
228,14,[1 2 4],8,4
229,14,[1 3 2],7,3
230,14,[2 4 1],3,3
231,14,[4 3 5],6,3
232,14,[3 1 5],5,5
233,14,[5 3 4],4,1
234,14,[2 1 4],22,4
235,14,[4 1 2],22,1
236,14,[2 1 4],22,2
237,14,[4 5 3],4,1
238,14,[5 3 4],5,1
239,14,[3 1 5],1,1
240,14,[4 1 2],5,2
241,14,[1 3 2],7,1
242,14,[4 3 5],3,2
243,14,[3 1 5],20,1
244,14,[1 3 2],7,1
245,14,[4 3 5],4,4
246,14,[3 1 5],15,4
247,14,[1 3 2],7,3
248,14,[1 2 4],7,3
249,14,[3 1 5],8,2
250,15,[4 1 2],24,1
251,15,[3 5 4],20,5
252,15,[5 3 4],10,3
253,15,[4 3 5],3,2
254,15,[3 5 1],6,3
255,15,[1 2 4],24,5
256,15,[3 1 5],2,2
257,15,[3 5 4],3,1
258,15,[5 4 3],7,5
259,15,[4 3 5],4,2
260,15,[1 2 4],18,5
261,15,[1 2 3],6,5
262,15,[3 5 1],7,3
263,15,[1 3 4],5,1
264,15,[2 4 1],4,4
265,15,[5 4 3],11,2
266,15,[2 1 4],13,5
267,15,[4 2 1],3,1
268,15,[4 5 3],22,2
269,15,[3 5 4],23,4
270,15,[4 1 2],6,4
271,15,[1 3 2],7,4
272,15,[4 1 2],3,1
273,16,[1 3 2],22,5
274,16,[4 1 2],11,5
275,16,[4 2 5],7,5
276,16,[1 3 2],6,5
277,16,[2 1 4],12,2
278,16,[1 2 4],7,4
279,16,[4 5 3],5,2
280,16,[5 3 4],23,5
281,16,[1 3 2],4,2
282,16,[4 3 5],3,2
283,16,[4 1 2],6,5
284,16,[2 4 1],6,5
285,16,[3 5 1],3,3
286,16,[5 3 4],5,5
287,16,[4 1 2],16,1
288,16,[4 5 3],1,1
289,16,[1 2 4],4,4
290,16,[1 2 4],21,5
291,16,[5 3 4],5,4
292,16,[5 3 4],14,2
293,16,[1 3 2],3,1
294,16,[4 2 1],7,4
295,16,[4 5 3],5,1
296,16,[1 2 3],4,4
297,16,[2 1 4],4,3
298,17,[1 2 3],3,3
299,17,[2 1 4],3,3
300,17,[2 4 1],5,3
301,17,[4 2 5],4,3
302,17,[5 3 4],3,2
303,17,[5 3 4],17,3
304,17,[1 2 4],3,3
305,17,[4 1 2],3,2
306,17,[5 3 4],8,1
307,17,[4 1 2],7,2
308,17,[4 1 2],9,2
309,17,[4 1 2],23,5
310,17,[5 3 4],15,3
311,17,[1 3 2],6,4
312,17,[4 2 1],7,4
313,17,[1 2 3],9,1
314,17,[4 1 2],24,4
315,17,[5 4 3],5,2
316,17,[1 3 2],2,1
317,17,[4 3 5],2,1
318,17,[1 3 2],4,2
319,17,[3 5 1],18,5
320,17,[2 1 4],24,5
321,17,[1 3 2],20,4
322,17,[1 3 4],12,3
323,17,[4 2 5],3,1
324,17,[4 2 1],7,5
325,17,[4 3 5],3,3
326,17,[1 2 3],4,2
327,17,[1 2 4],4,2
328,17,[5 3 4],9,4
329,17,[4 3 5],16,3
330,17,[1 3 4],4,3
331,17,[1 3 2],6,2
332,17,[1 2 4],5,2
333,17,[1 2 3],3,2
334,17,[1 3 2],16,4
335,17,[5 3 4],12,2
336,17,[4 3 5],3,1
337,17,[5 3 4],1,1
338,17,[4 2 5],2,2
339,18,[3 1 5],19,2
340,18,[1 3 4],24,3
341,18,[3 1 5],16,2
342,18,[3 1 5],24,1
343,18,[4 3 5],3,2
344,18,[1 3 4],6,3
345,18,[4 2 5],12,3
346,18,[1 3 2],12,5
347,18,[1 2 4],24,4
348,18,[4 3 5],1,1
349,18,[4 3 5],3,3
350,18,[2 1 4],14,5
351,18,[1 2 4],8,4
352,18,[1 3 2],2,2
353,18,[1 3 2],2,1
354,18,[5 3 4],3,2
355,18,[2 4 1],4,1
356,18,[1 2 3],3,3
357,18,[2 4 1],18,2
358,18,[3 5 4],1,1
359,18,[1 3 2],2,2
360,18,[4 2 1],23,5
361,18,[1 2 4],17,5
362,18,[1 3 2],9,1
363,18,[1 3 4],1,1
364,18,[1 3 4],20,5
365,18,[2 1 4],11,4
366,18,[3 1 5],19,1
367,18,[1 3 2],5,5
368,18,[1 2 4],24,3
369,18,[1 2 3],8,3
370,18,[4 1 2],4,3
371,18,[1 3 2],19,2
372,18,[4 2 5],4,2
373,18,[3 5 4],3,2
374,18,[4 1 2],7,2
375,18,[4 1 2],15,5
376,18,[1 3 4],13,5
377,18,[3 5 4],15,5
378,18,[1 2 3],16,5
379,18,[1 2 4],13,3
380,18,[4 2 5],9,1
381,18,[4 1 2],16,5
382,18,[1 3 2],13,1
383,18,[2 4 1],7,5
384,18,[3 1 5],22,5
385,18,[2 1 4],8,4
386,18,[1 3 4],17,3
387,19,[4 5 3],7,5
388,19,[1 3 2],18,3
389,19,[3 1 5],8,1
390,19,[5 4 3],7,5
391,19,[3 1 5],5,3
392,19,[1 2 3],3,1
393,19,[1 2 4],16,4
394,19,[1 2 3],23,3
395,19,[5 3 4],24,3
396,19,[1 3 2],12,3
397,19,[4 2 5],6,2
398,19,[4 1 2],5,2
399,19,[4 3 5],16,5
400,19,[1 3 2],6,4
401,19,[4 5 3],16,4
402,19,[4 1 2],17,4
403,19,[4 1 2],3,2
404,19,[4 1 2],11,3
405,19,[1 2 3],20,2
406,19,[5 3 4],1,1
407,19,[4 3 5],18,3
408,19,[1 3 4],22,2
409,19,[4 1 2],7,4
410,19,[3 1 5],15,3
411,19,[1 3 4],7,2
412,19,[4 1 2],15,1
413,19,[4 3 5],24,4
414,19,[4 3 5],11,4
415,19,[4 1 2],6,4
416,19,[3 1 5],4,4
417,19,[4 3 5],22,3
418,19,[1 3 2],6,2
419,19,[5 4 3],3,3
420,19,[1 2 4],23,5
421,19,[1 3 2],22,1
422,19,[1 2 4],6,3
423,19,[1 2 3],11,5
424,19,[5 3 4],24,2
425,19,[3 5 1],8,3
426,19,[3 1 5],9,4
427,19,[1 3 4],1,1
428,19,[2 1 4],5,5
429,19,[3 1 5],16,2
430,19,[4 1 2],9,1
431,19,[3 5 1],20,5
432,19,[4 2 5],13,4
433,19,[1 3 2],11,2
434,20,[4 1 2],5,4
435,20,[4 1 2],13,1
436,20,[4 1 2],23,5
437,20,[1 3 2],11,1
438,20,[1 2 4],5,4
439,20,[3 1 5],18,1
440,20,[3 5 4],2,2
441,20,[4 1 2],12,5
442,20,[3 1 5],17,3
443,20,[3 5 4],13,4
444,20,[5 3 4],1,1
445,20,[1 3 2],5,4
446,20,[2 1 4],12,3
447,20,[3 5 1],7,2
448,20,[3 5 4],22,3
449,20,[1 2 4],23,2
450,20,[2 4 1],14,3
451,20,[4 3 5],15,4
452,20,[3 5 4],20,2
453,20,[3 5 1],7,2
454,20,[1 2 4],5,4
455,20,[2 1 4],24,4
456,20,[4 3 5],8,4
457,20,[3 1 5],5,5
458,20,[3 5 4],9,1
459,20,[4 1 2],13,2
460,20,[5 3 4],7,5
461,20,[4 2 5],12,5
462,20,[1 3 2],3,2
463,20,[1 2 3],12,1
464,20,[4 3 5],5,1
465,20,[3 1 5],8,2
466,20,[3 5 4],6,5
467,20,[1 3 4],16,1
468,20,[4 1 2],9,3
469,21,[1 3 2],12,2
470,21,[3 5 1],11,4
471,21,[1 3 2],20,2
472,21,[4 3 5],5,4
473,21,[1 3 2],23,2
474,21,[3 5 4],11,1
475,21,[4 1 2],1,1
476,21,[1 2 3],22,1
477,21,[1 2 4],10,2
478,21,[1 3 2],11,3
479,21,[5 3 4],5,3
480,21,[5 3 4],5,2
481,21,[1 3 4],9,1
482,21,[4 5 3],6,3
483,21,[4 1 2],9,4
484,22,[3 1 5],5,2
485,22,[4 3 5],9,4
486,22,[1 3 2],8,5
487,22,[2 1 4],11,4
488,23,[1 3 2],3,2
489,23,[4 1 2],22,3
490,23,[4 1 2],14,2
491,0,[3 5 4],12,4
492,0,[4 1 2],19,3
493,0,[1 3 2],1,1
494,0,[2 1 4],13,2
495,0,[3 5 1],13,4
496,0,[4 1 2],8,5
497,0,[4 1 2],5,3
498,0,[4 1 2],12,5
499,0,[4 3 5],16,4
500,0,[4 5 3],13,2
501,0,[1 3 2],4,3
502,0,[1 3 2],5,1
503,1,[4 1 2],15,2
504,1,[5 3 4],22,4
505,1,[3 1 5],12,1
506,3,[1 3 2],6,5
507,4,[5 3 4],20,1
508,4,[4 3 5],14,4
509,4,[1 2 3],4,2
510,5,[1 2 4],11,3
511,5,[1 2 3],15,2
512,5,[3 1 5],4,4
513,5,[3 5 4],5,4
514,5,[5 3 4],5,5
515,6,[1 2 4],6,2
516,6,[1 3 4],15,5
517,6,[4 3 5],11,5
518,6,[4 2 5],8,4
519,6,[2 4 1],5,4
520,6,[3 5 1],5,1
521,6,[4 1 2],6,4
522,6,[4 2 1],7,2
523,6,[5 3 4],5,2
524,6,[1 2 4],5,3
525,6,[2 4 1],7,3
526,6,[3 1 5],6,5
527,6,[4 5 3],4,3
528,6,[1 3 2],11,3
529,6,[1 3 2],4,4
530,6,[1 2 3],8,2
531,6,[4 3 5],13,5
532,6,[1 2 3],13,1
533,6,[1 2 4],24,3
534,6,[1 3 2],17,5
535,6,[1 2 3],9,3
536,6,[5 3 4],3,1
537,6,[3 5 4],3,1
538,6,[3 5 4],11,5
539,6,[4 1 2],11,2
540,6,[1 3 2],5,5
541,7,[1 3 4],16,3
542,7,[1 3 2],8,2
543,7,[5 3 4],8,5
544,7,[4 3 5],5,4
545,7,[2 1 4],12,4
546,7,[4 2 5],9,5
547,7,[4 3 5],22,5
548,7,[1 2 3],4,4
549,7,[3 1 5],4,3
550,7,[1 2 4],3,2
551,7,[1 3 4],6,5
552,7,[4 1 2],19,4
553,7,[2 1 4],9,5
554,7,[1 3 2],1,1
555,7,[4 5 3],6,1
556,7,[3 1 5],6,4
557,7,[1 2 3],3,3
558,7,[2 1 4],3,1
559,7,[2 1 4],8,3
560,7,[3 5 4],3,1
561,7,[1 3 2],8,5
562,7,[1 2 3],6,5
563,7,[3 1 5],3,3
564,7,[5 3 4],6,4
565,7,[4 3 5],9,5
566,7,[5 4 3],6,4
567,7,[3 1 5],4,3
568,7,[1 2 3],21,2
569,7,[1 2 4],5,3
570,7,[4 2 1],16,1
571,7,[1 3 2],6,4
572,7,[1 2 4],13,3
573,7,[1 3 2],3,1
574,7,[2 1 4],8,1
575,7,[1 2 3],5,1
576,7,[1 2 3],7,2
577,7,[1 2 4],5,3
578,8,[1 3 4],4,1
579,8,[3 1 5],6,4
580,8,[3 5 4],15,1
581,8,[1 3 2],24,2
582,8,[4 5 3],20,4
583,8,[1 3 2],11,2
584,8,[3 1 5],4,4
585,8,[2 4 1],9,3
586,8,[4 2 1],11,4
587,8,[2 1 4],6,5
588,8,[1 3 2],5,1
589,8,[5 3 4],12,4
590,8,[1 2 4],2,1
591,8,[1 3 4],9,4
592,8,[4 2 1],5,5
593,8,[3 1 5],5,2
594,8,[4 2 5],5,4
595,8,[2 1 4],6,5
596,8,[4 2 5],4,3
597,8,[5 3 4],20,3
598,8,[4 5 3],6,5
599,8,[1 3 2],21,3
600,8,[3 5 4],6,2
601,8,[1 2 4],5,5
602,8,[4 3 5],14,3
603,8,[2 1 4],1,1
604,8,[5 4 3],5,5
605,8,[3 5 1],5,2
606,8,[5 4 3],14,3
607,8,[4 2 5],6,3
608,8,[4 3 5],7,1
609,8,[4 2 5],20,5
610,8,[1 2 4],12,5
611,8,[4 1 2],5,1
612,8,[5 3 4],5,5
613,8,[5 3 4],4,2
614,8,[2 4 1],6,2
615,8,[4 2 1],11,4
616,8,[1 3 4],14,5
617,8,[3 1 5],8,4
618,8,[4 1 2],5,5
619,8,[4 1 2],11,2
620,8,[2 1 4],12,2
621,8,[1 3 2],5,4
622,8,[5 3 4],8,2
623,8,[1 3 4],5,1
624,8,[1 2 3],7,5
625,8,[1 2 4],4,3
626,8,[4 3 5],8,3
627,9,[4 3 5],12,3
628,9,[2 1 4],5,5
629,9,[4 1 2],1,1
630,9,[2 1 4],4,4
631,9,[4 1 2],4,2
632,9,[1 2 4],8,2
633,9,[5 3 4],6,1
634,9,[4 1 2],4,1
635,9,[3 1 5],13,3
636,9,[1 3 2],6,3
637,9,[2 1 4],10,3
638,9,[3 5 4],18,1
639,9,[1 3 2],9,5
640,9,[3 5 4],23,5
641,9,[2 4 1],3,1
642,9,[5 4 3],8,5
643,9,[1 2 3],12,3
644,9,[1 2 4],7,4
645,9,[4 2 5],23,2
646,9,[4 1 2],7,2
647,9,[1 2 4],18,1
648,9,[4 2 1],7,3
649,9,[2 1 4],11,1
650,9,[4 1 2],5,5
651,9,[4 2 1],10,2
652,9,[4 2 1],6,4
653,9,[3 1 5],10,5
654,9,[5 3 4],13,4
655,9,[3 1 5],5,3
656,9,[4 1 2],21,5
657,9,[3 5 4],4,1
658,9,[2 4 1],11,3
659,9,[5 4 3],24,2
660,9,[1 3 4],4,1
661,9,[3 1 5],1,1
662,9,[4 2 1],2,1
663,9,[1 3 2],5,3
664,9,[1 3 2],4,1
665,9,[5 3 4],9,2
666,9,[3 5 1],11,3
667,9,[5 3 4],2,2
668,9,[3 1 5],23,1
669,9,[3 1 5],16,3
670,9,[3 5 4],4,2
671,9,[4 3 5],10,4
672,10,[4 1 2],5,4
673,10,[2 1 4],7,4
674,10,[2 4 1],12,2
675,10,[4 3 5],8,5
676,10,[3 5 4],11,2
677,10,[3 1 5],9,4
678,10,[3 5 4],2,2
679,10,[4 3 5],9,3
680,10,[1 2 4],7,3
681,10,[3 1 5],2,2
682,10,[2 1 4],3,3
683,10,[2 1 4],5,4
684,10,[5 4 3],10,2
685,10,[4 2 1],24,5
686,10,[1 3 2],8,4
687,10,[2 1 4],12,3
688,10,[3 5 4],8,3
689,11,[2 4 1],7,3
690,11,[4 3 5],7,4
691,11,[1 2 3],5,5
692,12,[3 1 5],5,3
693,12,[4 1 2],4,1
694,12,[1 2 4],22,3
695,12,[3 1 5],3,1
696,12,[3 5 4],5,5
697,12,[1 2 4],7,4
698,12,[3 1 5],11,3
699,12,[1 3 2],5,3
700,12,[1 2 3],3,3
701,12,[3 5 4],22,5
702,12,[3 5 1],20,4
703,12,[1 3 2],6,5
704,12,[5 4 3],20,5
705,13,[1 3 2],4,4
706,13,[1 3 2],10,4
707,13,[4 2 1],8,3
708,13,[3 5 1],4,2
709,13,[1 3 2],18,5
710,13,[4 2 5],3,1
711,13,[3 5 4],6,4
712,13,[1 2 4],4,3
713,13,[2 1 4],24,1
714,13,[1 2 4],7,1
715,13,[1 3 2],5,3
716,13,[4 1 2],15,3
717,13,[2 1 4],12,1
718,13,[4 1 2],9,4
719,13,[1 3 2],3,3
720,13,[5 3 4],7,1
721,13,[2 1 4],10,2
722,13,[1 2 3],15,3
723,13,[1 3 2],7,5
724,13,[3 1 5],20,5
725,13,[2 1 4],6,3
726,13,[1 3 2],15,4
727,13,[3 5 4],3,1
728,13,[4 1 2],5,4
729,13,[5 4 3],22,5
730,13,[1 2 4],1,1
731,13,[1 2 3],9,5
732,13,[4 1 2],5,2
733,13,[1 2 3],2,2
734,13,[1 3 2],5,3
735,14,[2 1 4],4,1
736,14,[3 1 5],5,5
737,14,[3 1 5],7,4
738,14,[5 3 4],19,3
739,14,[3 1 5],2,1
740,14,[5 3 4],8,5
741,14,[4 2 1],4,4
742,14,[1 3 2],23,2
743,14,[3 5 4],5,3
744,14,[1 2 4],12,1
745,14,[3 1 5],22,3
746,14,[3 5 4],4,3
747,14,[3 5 1],11,2
748,14,[1 3 2],24,4
749,14,[3 1 5],12,5
750,14,[4 3 5],6,4
751,14,[5 3 4],2,2
752,14,[1 3 2],7,3
753,14,[5 3 4],19,1
754,14,[2 4 1],5,5
755,14,[1 3 2],13,5
756,15,[5 3 4],3,2
757,15,[1 3 4],7,2
758,15,[1 2 4],5,1
759,15,[5 4 3],17,2
760,15,[1 3 2],4,1
761,15,[2 1 4],1,1
762,15,[4 3 5],4,1
763,15,[5 4 3],8,5
764,15,[1 3 2],1,1
765,15,[5 3 4],2,1
766,15,[3 1 5],21,2
767,15,[5 3 4],6,2
768,15,[3 5 4],11,4
769,15,[4 2 1],3,3
770,15,[4 3 5],6,4
771,15,[5 3 4],20,2
772,15,[1 2 4],21,4
773,15,[4 5 3],5,5
774,16,[1 2 4],2,2
775,16,[5 4 3],3,2
776,16,[3 1 5],5,1
777,16,[2 1 4],11,3
778,16,[4 1 2],5,2
779,16,[2 1 4],2,1
780,16,[2 1 4],3,3
781,16,[3 5 1],15,5
782,16,[1 3 2],9,5
783,16,[2 4 1],16,3
784,16,[1 3 2],2,2
785,16,[1 2 3],19,1
786,16,[3 1 5],18,3
787,16,[3 5 4],20,5
788,16,[4 3 5],3,1
789,16,[2 1 4],16,2
790,16,[4 5 3],4,3
791,16,[2 1 4],9,5
792,16,[1 3 2],17,1
793,16,[2 1 4],3,3
794,16,[5 3 4],1,1
795,16,[5 3 4],6,4
796,16,[2 1 4],10,5
797,16,[1 3 2],14,4
798,16,[2 1 4],1,1
799,16,[4 2 1],19,5
800,16,[4 2 5],5,5
801,16,[1 3 2],3,3
802,16,[5 3 4],17,5
803,17,[5 3 4],3,3
804,17,[2 1 4],4,2
805,17,[1 3 2],18,3
806,17,[1 3 2],8,5
807,17,[4 3 5],2,1
808,17,[4 3 5],6,1
809,17,[1 2 3],2,1
810,17,[5 3 4],16,4
811,17,[1 3 2],22,5
812,17,[4 3 5],6,1
813,17,[3 1 5],19,2
814,17,[1 3 4],7,5
815,17,[4 1 2],13,1
816,17,[4 1 2],7,2
817,17,[1 3 2],9,5
818,17,[4 1 2],9,1
819,17,[3 1 5],3,2
820,17,[1 3 2],12,5
821,17,[4 2 5],1,1
822,17,[5 3 4],4,3
823,17,[1 3 2],7,4
824,17,[5 4 3],5,3
825,17,[3 5 4],4,3
826,17,[4 1 2],3,3
827,17,[1 3 2],24,5
828,17,[4 3 5],24,4
829,17,[4 3 5],15,5
830,17,[4 3 5],18,3
831,17,[5 3 4],12,3
832,17,[3 1 5],4,4
833,17,[3 1 5],24,5
834,17,[1 3 2],7,5
835,17,[1 3 4],19,4
836,17,[4 1 2],2,2
837,17,[5 3 4],4,3
838,17,[2 1 4],14,2
839,17,[3 1 5],3,1
840,17,[3 1 5],5,1
841,17,[1 3 2],4,4
842,17,[3 5 4],2,1
843,17,[3 1 5],5,1
844,17,[1 3 2],5,2
845,18,[1 2 4],9,2
846,18,[1 2 3],21,1
847,18,[5 3 4],24,4
848,18,[4 2 1],3,3
849,18,[1 3 4],3,3
850,18,[4 3 5],7,1
851,18,[2 1 4],4,1
852,18,[5 3 4],23,2
853,18,[3 5 1],22,2
854,18,[3 1 5],11,1
855,18,[1 3 2],4,2
856,18,[1 2 4],4,4
857,18,[3 1 5],14,3
858,18,[4 1 2],21,5
859,18,[4 1 2],6,2
860,18,[1 3 4],3,2
861,18,[4 1 2],19,1
862,18,[1 2 4],14,4
863,18,[1 3 2],6,5
864,18,[3 5 1],12,4
865,18,[1 3 2],16,5
866,18,[4 5 3],15,4
867,18,[1 3 4],9,4
868,18,[5 3 4],3,1
869,18,[4 3 5],3,2
870,18,[3 5 4],2,1
871,18,[4 1 2],1,1
872,18,[4 1 2],2,2
873,18,[3 1 5],8,3
874,18,[3 1 5],4,1
875,18,[4 1 2],23,5
876,18,[4 1 2],4,2
877,18,[1 2 4],3,2
878,18,[4 3 5],19,2
879,18,[4 3 5],23,5
880,18,[3 5 4],6,2
881,18,[1 2 4],5,2
882,18,[5 3 4],19,4
883,18,[4 1 2],20,2
884,18,[4 1 2],2,2
885,18,[4 1 2],4,3
886,18,[4 2 5],6,2
887,18,[1 2 4],18,5
888,18,[4 3 5],11,3
889,18,[1 3 2],24,3
890,18,[3 5 4],4,2
891,18,[4 2 1],9,4
892,18,[4 1 2],4,4
893,18,[3 1 5],18,1
894,18,[2 1 4],16,5
895,18,[4 5 3],22,2
896,19,[5 4 3],24,5
897,19,[3 1 5],18,4
898,19,[3 1 5],1,1
899,19,[3 1 5],23,5
900,19,[2 1 4],3,3
901,19,[1 2 3],10,5
902,19,[1 3 2],20,2
903,19,[1 3 2],2,2
904,19,[3 1 5],1,1
905,19,[2 1 4],12,2
906,19,[1 2 3],9,2
907,19,[1 3 2],7,1
908,19,[5 3 4],5,4
909,19,[5 4 3],14,2
910,19,[1 3 4],24,4
911,19,[3 5 4],1,1
912,19,[1 2 4],1,1
913,19,[4 5 3],6,4
914,19,[3 1 5],12,5
915,19,[5 3 4],3,2
916,19,[4 2 1],8,5
917,19,[4 3 5],3,3
918,19,[3 5 4],7,4
919,19,[1 3 2],2,2
920,19,[2 1 4],10,3
921,19,[1 3 2],2,1
922,19,[4 2 1],9,5
923,19,[4 3 5],22,2
924,19,[1 3 2],15,5
925,19,[4 2 5],24,5
926,19,[4 3 5],2,1
927,19,[3 1 5],8,2
928,19,[2 1 4],19,5
929,19,[4 3 5],17,3
930,19,[2 1 4],23,5
931,19,[1 3 4],21,3
932,19,[1 3 2],5,3
933,19,[3 5 4],8,1
934,19,[1 3 2],11,4
935,19,[4 2 1],22,5
936,19,[4 2 5],3,1
937,19,[3 1 5],24,1
938,19,[4 1 2],17,2
939,19,[3 1 5],1,1
940,19,[4 1 2],3,2
941,19,[1 3 4],13,5
942,19,[2 1 4],11,5
943,19,[4 2 5],7,1
944,20,[3 1 5],20,3
945,20,[4 2 5],6,1
946,20,[1 2 4],14,3
947,20,[4 2 1],23,5
948,20,[4 2 1],1,1
949,20,[3 1 5],19,1
950,20,[4 2 1],11,5
951,20,[4 2 5],24,3
952,20,[4 3 5],9,5
953,20,[4 3 5],5,5
954,20,[2 4 1],12,5
955,20,[4 5 3],14,2
956,20,[3 5 4],12,3
957,20,[1 3 4],9,3
958,20,[2 1 4],4,3
959,20,[4 3 5],23,3
960,20,[3 1 5],10,1
961,20,[1 3 2],8,3
962,20,[5 3 4],7,5
963,20,[3 5 4],24,3
964,20,[3 5 4],2,1
965,20,[5 4 3],5,4
966,20,[3 1 5],23,4
967,20,[1 3 4],12,4
968,21,[1 2 4],21,4
969,21,[1 3 2],22,5
970,21,[4 3 5],3,1
971,21,[1 3 2],3,2
972,21,[2 4 1],19,5
973,21,[4 3 5],11,4
974,21,[1 3 4],1,1
975,21,[5 3 4],11,5
976,21,[1 2 4],24,3
977,21,[4 1 2],5,2
978,21,[1 3 2],6,5
979,21,[1 3 2],1,1
980,22,[1 3 4],11,4
981,22,[1 3 2],16,4
982,23,[1 2 4],22,4
983,23,[5 3 4],18,4
984,1,[1 2 3],4,2
985,1,[3 1 5],4,4
986,1,[4 5 3],15,5
987,1,[5 4 3],7,3
988,1,[3 5 1],17,4
989,1,[1 3 2],12,4
990,2,[4 1 2],19,3
991,4,[1 2 3],9,5
992,4,[4 5 3],11,5
993,4,[5 3 4],6,3
994,4,[5 4 3],11,2
995,4,[3 5 4],9,4
996,4,[2 4 1],9,5
997,5,[5 4 3],15,2
998,5,[2 1 4],11,2
999,5,[1 3 2],22,5
1000,5,[1 3 2],5,3
1001,5,[4 1 2],4,4
1002,6,[4 2 5],3,2
1003,6,[3 1 5],19,1
1004,6,[4 1 2],9,3
1005,6,[1 2 4],5,1
1006,6,[1 3 2],1,1
1007,6,[1 3 2],14,5
1008,6,[1 2 3],11,3
1009,6,[4 1 2],11,5
1010,6,[4 2 5],10,4
1011,6,[4 3 5],22,1
1012,6,[3 5 4],6,2
1013,6,[1 3 2],1,1
1014,6,[4 2 1],13,2
1015,6,[5 4 3],3,1
1016,6,[4 1 2],15,4
1017,6,[3 1 5],4,3
1018,6,[3 1 5],5,5
1019,6,[3 1 5],22,1
1020,7,[4 3 5],12,3
1021,7,[1 3 4],21,5
1022,7,[5 4 3],1,1
1023,7,[2 4 1],13,3
1024,7,[4 1 2],1,1
1025,7,[1 3 2],19,2
1026,7,[4 2 1],7,3
1027,7,[2 1 4],5,1
1028,7,[5 3 4],12,1
1029,7,[4 1 2],3,3
1030,7,[1 2 4],3,2
1031,7,[4 1 2],14,1
1032,7,[1 2 4],9,3
1033,7,[4 2 5],23,5
1034,7,[4 2 1],10,2
1035,7,[2 1 4],8,1
1036,7,[4 1 2],14,5
1037,7,[5 4 3],8,2
1038,7,[2 1 4],10,4
1039,7,[4 1 2],9,5
1040,7,[5 3 4],1,1
1041,7,[4 1 2],6,2
1042,7,[4 1 2],8,4
1043,7,[3 5 1],4,4
1044,7,[5 3 4],7,3
1045,7,[1 3 2],10,5
1046,7,[1 3 4],11,4
1047,7,[2 1 4],21,3
1048,7,[3 5 4],11,1
1049,7,[2 1 4],9,3
1050,7,[2 1 4],8,2
1051,7,[3 5 4],4,3
1052,7,[1 2 3],6,3
1053,7,[2 4 1],2,2
1054,7,[1 2 4],4,1
1055,7,[5 3 4],14,2
1056,8,[2 1 4],23,5
1057,8,[4 3 5],6,4
1058,8,[4 2 1],7,5
1059,8,[3 5 4],4,3
1060,8,[4 1 2],4,1
1061,8,[2 1 4],7,2
1062,8,[3 5 1],16,2
1063,8,[3 5 4],6,2
1064,8,[5 3 4],6,4
1065,8,[2 1 4],15,5
1066,8,[1 3 4],21,5
1067,8,[1 2 3],16,3
1068,8,[4 3 5],18,2
1069,8,[1 3 2],8,5
1070,8,[5 3 4],11,4
1071,8,[2 1 4],12,5
1072,8,[1 2 4],15,5
1073,8,[1 3 2],4,3
1074,8,[1 2 3],10,3
1075,8,[1 2 4],7,1
1076,8,[3 5 1],3,3
1077,8,[5 4 3],9,4
1078,8,[3 1 5],5,2
1079,8,[2 4 1],18,3
1080,8,[5 3 4],7,5
1081,8,[4 3 5],4,1
1082,8,[4 1 2],16,4
1083,8,[1 2 3],13,2
1084,8,[4 3 5],16,5
1085,8,[3 1 5],5,4
1086,8,[2 1 4],8,4
1087,8,[4 2 1],2,2
1088,8,[1 3 2],8,5
1089,8,[1 2 4],5,4
1090,8,[1 3 2],14,4
1091,8,[4 3 5],11,2
1092,8,[1 2 4],16,2
1093,8,[2 4 1],4,4
1094,8,[1 2 3],4,2
1095,8,[1 2 4],6,4
1096,8,[5 3 4],7,5
1097,8,[5 3 4],6,3
1098,8,[1 3 2],4,4
1099,8,[4 2 1],8,4
1100,8,[1 3 2],12,4
1101,8,[4 1 2],5,3
1102,8,[4 3 5],8,4
1103,8,[5 3 4],5,1
1104,8,[1 3 2],8,2
1105,8,[3 5 4],5,5
1106,8,[5 4 3],24,3
1107,8,[4 5 3],7,3
1108,8,[4 3 5],7,4
1109,9,[1 3 4],4,4
1110,9,[4 1 2],7,1
1111,9,[3 1 5],7,4
1112,9,[3 1 5],9,5
1113,9,[3 1 5],6,3
1114,9,[4 3 5],1,1
1115,9,[5 4 3],11,3
1116,9,[1 3 2],5,4
1117,9,[3 5 4],12,5
1118,9,[1 3 4],6,2
1119,9,[3 5 4],7,4
1120,9,[5 3 4],11,3
1121,9,[4 2 1],5,4
1122,9,[3 1 5],4,4
1123,9,[3 5 4],5,3
1124,9,[1 3 2],10,5
1125,9,[5 3 4],2,2
1126,9,[4 5 3],3,2
1127,9,[4 2 5],4,1
1128,9,[3 1 5],6,5
1129,9,[3 1 5],4,2
1130,9,[1 2 4],4,1
1131,9,[3 5 1],7,4
1132,9,[4 1 2],9,3
1133,9,[1 3 4],4,4
1134,9,[4 2 1],1,1
1135,9,[1 2 3],8,3
1136,9,[1 3 4],4,3
1137,9,[5 3 4],5,4
1138,9,[3 1 5],7,5
1139,9,[1 2 4],14,4
1140,9,[3 1 5],24,3
1141,9,[4 1 2],10,1
1142,9,[4 2 5],12,5
1143,9,[1 2 3],9,4
1144,9,[3 1 5],7,4
1145,9,[1 3 4],4,3
1146,9,[4 1 2],14,5
1147,9,[1 3 2],1,1
1148,9,[3 1 5],8,3
1149,9,[5 4 3],17,5
1150,9,[1 3 4],3,1
1151,9,[1 3 4],7,1
1152,9,[3 5 4],15,2
1153,9,[2 4 1],3,3
1154,9,[1 2 4],6,3
1155,9,[3 1 5],2,1
1156,9,[4 1 2],1,1
1157,9,[3 1 5],1,1
1158,9,[2 4 1],5,5
1159,9,[3 1 5],10,1
1160,9,[4 3 5],5,4
1161,10,[3 1 5],1,1
1162,10,[3 1 5],5,4
1163,10,[3 1 5],5,4
1164,10,[5 3 4],12,2
1165,10,[5 3 4],6,5
1166,10,[1 2 3],6,4
1167,10,[4 1 2],7,4
1168,10,[5 3 4],1,1
1169,10,[4 1 2],24,3
1170,10,[1 3 4],24,2
1171,10,[4 1 2],6,3
1172,10,[4 5 3],5,3
1173,10,[1 3 2],3,1
1174,10,[2 1 4],7,4
1175,10,[1 2 3],2,1
1176,10,[4 1 2],7,4
1177,10,[1 3 4],8,4
1178,10,[1 3 4],7,2
1179,10,[3 5 4],1,1
1180,10,[1 3 2],7,2
1181,10,[3 1 5],6,3
1182,11,[4 2 1],11,2
1183,11,[1 3 2],5,5
1184,11,[4 1 2],8,4
1185,11,[5 3 4],10,4
1186,11,[1 3 2],1,1
1187,11,[4 2 5],6,5
1188,11,[1 3 4],1,1
1189,11,[1 3 2],6,5
1190,11,[3 5 4],16,3
1191,11,[1 2 3],22,3
1192,11,[1 3 2],11,2
1193,11,[4 2 5],11,3
1194,11,[4 1 2],23,2
1195,11,[4 1 2],6,3
1196,12,[5 4 3],9,4
1197,12,[1 2 4],6,4
1198,12,[1 3 2],5,4
1199,12,[1 3 2],7,1
1200,12,[4 1 2],8,3
1201,12,[5 3 4],20,5
1202,12,[3 5 1],4,3
1203,12,[5 3 4],20,1
1204,12,[1 2 3],20,2
1205,12,[2 4 1],5,4
1206,12,[1 2 4],7,2
1207,12,[4 1 2],5,2
1208,12,[4 1 2],7,1
1209,13,[3 5 4],7,3
1210,13,[1 2 3],7,3
1211,13,[2 1 4],5,5
1212,13,[1 3 2],2,2
1213,13,[1 3 2],5,1
1214,13,[4 1 2],22,1
1215,13,[4 2 1],10,2
1216,13,[1 3 2],8,5
1217,13,[1 2 4],8,3
1218,13,[1 2 3],2,2
1219,13,[4 2 1],5,4
1220,13,[2 1 4],7,2
1221,13,[3 5 1],6,5
1222,13,[1 3 4],21,4
1223,13,[4 1 2],13,5
1224,13,[5 3 4],2,2
1225,13,[4 1 2],8,3
1226,13,[1 3 2],21,4
1227,13,[1 2 4],14,3
1228,13,[4 5 3],16,3
1229,13,[1 2 4],7,1
1230,13,[2 4 1],22,2
1231,13,[1 2 3],7,3
1232,13,[2 1 4],2,1
1233,13,[3 1 5],4,3
1234,14,[1 2 3],20,3
1235,14,[1 2 3],18,5
1236,14,[1 3 4],5,3
1237,14,[4 1 2],22,1
1238,14,[1 3 4],22,2
1239,14,[5 3 4],7,5
1240,14,[2 1 4],20,1
1241,14,[1 3 4],15,1
1242,14,[1 2 3],6,3
1243,14,[1 3 2],19,5
1244,14,[3 1 5],8,5
1245,14,[4 3 5],7,2
1246,14,[1 2 3],8,4
1247,14,[3 5 4],16,3
1248,14,[4 3 5],5,3
1249,14,[3 1 5],23,5
1250,14,[3 1 5],10,5
1251,14,[5 4 3],3,1
1252,14,[4 1 2],7,2
1253,14,[1 2 3],23,5
1254,14,[1 2 4],7,2
1255,14,[1 2 4],21,1
1256,14,[4 2 1],17,3
1257,14,[3 1 5],7,2
1258,14,[5 4 3],8,2
1259,14,[3 1 5],17,2
1260,14,[4 2 5],4,1
1261,14,[5 3 4],4,4
1262,15,[2 1 4],10,3
1263,15,[5 3 4],7,5
1264,15,[3 1 5],10,4
1265,15,[1 3 2],8,3
1266,15,[2 4 1],7,3
1267,15,[3 1 5],6,3
1268,15,[3 5 1],4,2
1269,15,[3 5 1],24,5
1270,15,[1 3 4],4,2
1271,15,[4 2 5],3,1
1272,15,[1 2 4],3,3
1273,15,[1 3 2],7,5
1274,15,[3 5 4],5,2
1275,15,[3 1 5],13,4
1276,15,[4 3 5],5,1
1277,15,[5 3 4],6,3
1278,16,[1 3 2],6,4
1279,16,[3 1 5],16,4
1280,16,[5 4 3],7,3
1281,16,[1 2 3],5,3
1282,16,[1 2 3],2,2
1283,16,[1 3 2],2,1
1284,16,[3 1 5],4,2
1285,16,[3 5 1],1,1
1286,16,[4 3 5],19,3
1287,16,[1 2 3],20,2
1288,16,[1 2 4],6,5
1289,16,[1 3 2],23,4
1290,16,[5 3 4],4,2
1291,16,[3 5 1],4,1
1292,16,[1 2 3],17,5
1293,16,[5 4 3],3,1
1294,16,[2 4 1],4,1
1295,16,[4 2 5],13,5
1296,16,[5 3 4],22,2
1297,16,[3 1 5],6,3
1298,16,[3 5 1],20,5
1299,16,[4 1 2],6,3
1300,16,[4 1 2],7,5
1301,16,[2 1 4],3,2
1302,16,[5 3 4],6,2
1303,16,[3 5 1],4,2
1304,16,[4 5 3],1,1
1305,16,[5 3 4],3,1
1306,16,[5 3 4],4,4
1307,16,[1 3 2],24,3
1308,17,[1 2 4],2,2
1309,17,[3 1 5],2,2
1310,17,[1 2 4],7,1
1311,17,[1 3 4],10,4
1312,17,[1 3 4],15,4
1313,17,[3 5 1],4,2
1314,17,[4 1 2],17,2
1315,17,[3 5 1],5,5
1316,17,[3 1 5],5,5
1317,17,[1 3 2],23,4
1318,17,[4 1 2],14,1
1319,17,[2 1 4],18,5
1320,17,[3 5 1],5,5
1321,17,[4 3 5],4,4
1322,17,[1 3 4],4,4
1323,17,[3 1 5],7,4
1324,17,[2 1 4],2,2
1325,17,[3 1 5],8,1
1326,17,[4 5 3],7,4
1327,17,[3 1 5],4,2
1328,17,[5 3 4],24,1
1329,17,[5 3 4],9,4
1330,17,[1 3 4],3,1
1331,17,[4 3 5],13,4
1332,17,[4 1 2],6,3
1333,17,[4 3 5],21,3
1334,17,[3 1 5],4,1
1335,17,[2 1 4],5,5
1336,17,[5 4 3],9,1
1337,17,[1 2 3],8,3
1338,17,[3 1 5],3,3
1339,17,[1 2 4],7,4
1340,17,[1 3 4],12,1
1341,17,[4 1 2],2,1
1342,17,[3 1 5],7,2
1343,17,[1 3 2],2,1
1344,17,[3 1 5],9,5
1345,17,[1 3 2],7,2
1346,17,[4 5 3],7,4
1347,17,[3 1 5],8,1
1348,17,[1 3 2],1,1
1349,17,[1 3 2],3,1
1350,18,[4 2 5],12,3
1351,18,[1 2 3],19,2
1352,18,[5 3 4],11,2
1353,18,[1 2 4],12,1
1354,18,[3 5 1],18,3
1355,18,[5 3 4],7,4
1356,18,[5 4 3],5,5
1357,18,[4 3 5],4,2
1358,18,[3 1 5],4,3
1359,18,[1 2 3],11,3
1360,18,[1 2 3],6,5
1361,18,[4 1 2],2,1
1362,18,[1 3 4],21,4
1363,18,[1 3 2],9,3
1364,18,[5 3 4],24,3
1365,18,[4 1 2],21,1
1366,18,[3 1 5],4,1
1367,18,[5 3 4],21,3
1368,18,[3 1 5],4,3
1369,18,[4 3 5],5,4
1370,18,[5 4 3],7,5
1371,18,[3 1 5],12,1
1372,18,[4 1 2],19,2
1373,18,[4 3 5],7,3
1374,18,[3 1 5],3,1
1375,18,[4 2 5],2,1
1376,18,[1 3 2],3,3
1377,18,[4 3 5],4,3
1378,18,[1 3 2],11,5
1379,18,[1 2 3],19,5
1380,18,[4 1 2],9,1
1381,18,[4 2 5],15,1
1382,18,[4 1 2],5,2
1383,18,[3 1 5],7,4
1384,18,[1 3 2],7,4
1385,18,[1 3 2],3,2
1386,18,[3 1 5],4,3
1387,18,[1 2 4],19,2
1388,18,[4 3 5],12,5
1389,18,[3 1 5],18,1
1390,18,[1 3 4],7,4
1391,18,[2 1 4],17,4
1392,18,[4 2 1],3,3
1393,18,[4 3 5],3,3
1394,18,[4 1 2],11,2
1395,18,[4 5 3],15,2
1396,18,[4 3 5],24,4
1397,19,[5 3 4],9,4
1398,19,[1 3 4],20,3
1399,19,[3 1 5],11,2
1400,19,[2 1 4],1,1
1401,19,[4 2 5],16,2
1402,19,[3 1 5],13,1
1403,19,[2 4 1],14,4
1404,19,[2 1 4],20,2
1405,19,[2 1 4],17,4
1406,19,[5 3 4],7,5
1407,19,[3 1 5],5,2
1408,19,[5 3 4],5,4
1409,19,[1 2 3],9,2
1410,19,[1 2 3],18,1
1411,19,[4 1 2],15,5
1412,19,[4 5 3],4,4
1413,19,[4 1 2],18,4
1414,19,[3 5 4],20,5
1415,19,[1 2 4],3,3
1416,19,[4 2 1],1,1
1417,19,[5 3 4],24,3
1418,19,[1 2 4],10,5
1419,19,[2 1 4],21,1
1420,19,[3 1 5],18,3
1421,19,[1 2 3],1,1
1422,19,[1 2 3],5,4
1423,19,[3 1 5],3,2
1424,19,[1 3 4],19,2
1425,19,[5 3 4],9,3
1426,19,[5 4 3],16,1
1427,19,[1 2 4],6,2
1428,19,[3 1 5],16,4
1429,19,[4 2 5],3,3
1430,19,[4 3 5],3,2
1431,19,[4 1 2],22,4
1432,19,[3 1 5],24,1
1433,19,[3 1 5],3,3
1434,19,[5 3 4],4,4
1435,19,[4 5 3],7,5
1436,20,[3 1 5],5,5
1437,20,[2 4 1],9,2
1438,20,[1 2 4],7,4
1439,20,[1 2 3],17,3
1440,20,[2 4 1],5,1
1441,20,[3 1 5],14,1
1442,20,[4 3 5],2,2
1443,20,[1 3 2],11,5
1444,20,[5 4 3],21,3
1445,20,[1 3 4],20,5
1446,20,[4 3 5],16,4
1447,20,[1 2 3],14,1
1448,20,[2 1 4],4,4
1449,20,[4 3 5],23,3
1450,20,[4 1 2],6,2
1451,20,[5 3 4],5,4
1452,20,[3 1 5],1,1
1453,20,[4 1 2],2,1
1454,20,[4 3 5],5,1
1455,20,[3 5 4],18,1
1456,20,[3 1 5],16,5
1457,20,[4 1 2],3,3
1458,20,[1 3 2],5,5
1459,20,[3 1 5],24,4
1460,20,[3 1 5],10,3
1461,20,[4 1 2],5,1
1462,20,[1 3 4],4,4
1463,20,[4 5 3],11,5
1464,20,[2 1 4],1,1
1465,20,[1 2 4],16,2
1466,20,[1 3 4],6,5
1467,20,[5 3 4],3,2
1468,21,[2 1 4],2,2
1469,21,[4 5 3],7,3
1470,21,[1 2 3],8,3
1471,21,[5 4 3],10,1
1472,21,[1 3 4],16,3
1473,21,[4 1 2],5,1
1474,21,[4 3 5],6,1
1475,21,[3 5 1],3,1
1476,21,[1 2 3],2,2
1477,21,[1 3 4],15,2
1478,21,[3 1 5],12,3
1479,22,[4 3 5],8,2
1480,22,[4 3 5],5,4
1481,22,[3 5 1],10,1
1482,22,[4 1 2],5,5
1483,22,[3 1 5],7,4
1484,22,[2 4 1],12,5
1485,22,[4 5 3],9,3
1486,22,[5 3 4],10,5
1487,22,[1 3 4],10,2
1488,22,[3 1 5],16,3
1489,23,[3 5 4],13,3
1490,23,[4 1 2],15,2
1491,23,[4 1 2],24,3
1492,23,[1 3 2],21,4
1493,23,[3 1 5],1,1
1494,23,[1 3 4],21,4
1495,23,[4 1 2],11,5
1496,23,[3 1 5],3,2
1497,4,[5 4 3],6,2
1498,4,[4 5 3],10,2
1499,6,[1 2 3],5,5
1500,6,[1 3 2],5,3
1501,6,[4 3 5],13,1
1502,6,[1 2 3],8,5
1503,6,[2 1 4],9,2
1504,6,[2 4 1],19,5
1505,6,[5 3 4],13,4
1506,6,[3 1 5],11,4
1507,6,[3 5 4],14,3
1508,6,[3 1 5],14,4
1509,6,[1 2 4],6,2
1510,6,[1 2 4],4,3
1511,6,[1 2 3],7,4
1512,6,[5 4 3],9,1
1513,6,[5 3 4],15,2
1514,6,[3 1 5],6,4
1515,6,[4 3 5],7,2
1516,6,[3 1 5],23,1
1517,6,[1 3 2],10,4
1518,6,[2 4 1],13,4
1519,6,[4 1 2],13,3
1520,6,[4 2 1],7,3
1521,7,[1 2 4],18,4
1522,7,[5 3 4],11,3
1523,7,[3 5 1],11,5
1524,7,[1 3 2],4,2
1525,7,[3 1 5],5,5
1526,7,[4 1 2],8,4
1527,7,[4 3 5],6,5
1528,7,[5 3 4],14,4
1529,7,[2 1 4],24,2
1530,7,[4 2 1],5,5
1531,7,[5 3 4],14,3
1532,7,[1 2 4],3,1
1533,7,[5 3 4],5,5
1534,7,[5 3 4],4,3
1535,7,[1 3 4],7,3
1536,7,[3 1 5],9,4
1537,7,[1 3 4],3,3
1538,7,[5 3 4],5,1
1539,7,[4 2 5],6,5
1540,7,[1 2 4],10,4
1541,7,[1 3 4],19,2
1542,7,[4 1 2],21,5
1543,7,[3 5 4],4,2
1544,7,[1 2 3],8,1
1545,7,[3 1 5],13,2
1546,7,[4 2 1],7,4
1547,7,[1 3 4],15,5
1548,7,[4 1 2],9,3
1549,7,[4 2 1],7,5
1550,7,[4 5 3],10,5
1551,7,[3 1 5],4,4
1552,7,[4 1 2],4,2
1553,7,[1 3 2],2,2
1554,7,[1 3 4],3,2
1555,7,[3 5 1],7,5
1556,7,[2 1 4],12,3
1557,7,[1 2 4],8,5
1558,7,[1 2 3],8,4
1559,7,[1 2 4],8,4
1560,7,[2 4 1],14,5
1561,7,[4 1 2],9,1
1562,7,[2 4 1],9,2
1563,7,[1 2 3],11,3
1564,8,[1 2 4],10,4
1565,8,[2 4 1],7,3
1566,8,[1 2 3],10,4
1567,8,[3 1 5],15,4
1568,8,[5 4 3],8,1
1569,8,[1 3 2],3,3
1570,8,[2 1 4],11,3
1571,8,[1 3 4],17,1
1572,8,[5 4 3],9,2
1573,8,[2 1 4],3,3
1574,8,[3 1 5],4,3
1575,8,[1 2 4],4,1
1576,8,[1 3 2],12,5
1577,8,[5 4 3],13,4
1578,8,[3 1 5],6,2
1579,8,[4 1 2],21,3
1580,8,[4 3 5],7,5
1581,8,[1 2 3],8,3
1582,8,[4 1 2],7,1
1583,8,[4 5 3],24,4
1584,8,[1 3 4],24,4
1585,8,[1 3 2],6,5
1586,8,[1 3 2],7,4
1587,8,[4 1 2],9,1
1588,8,[3 1 5],13,4
1589,8,[4 1 2],24,5
1590,8,[4 1 2],7,1
1591,8,[5 3 4],18,5
1592,8,[3 1 5],8,4
1593,8,[5 4 3],9,3
1594,8,[2 4 1],18,3
1595,8,[3 5 4],21,5
1596,8,[2 4 1],1,1
1597,8,[1 3 2],5,4
1598,8,[2 4 1],4,2
1599,8,[4 3 5],1,1
1600,8,[4 5 3],9,5
1601,8,[5 3 4],6,5
1602,8,[3 5 4],5,4
1603,8,[1 3 2],11,3
1604,8,[1 2 3],7,3
1605,8,[1 3 2],8,2
1606,8,[2 1 4],6,4
1607,8,[2 1 4],2,2
1608,8,[1 3 2],11,1
1609,8,[3 1 5],9,5
1610,8,[3 1 5],9,4
1611,8,[5 3 4],5,4
1612,8,[3 1 5],23,4
1613,8,[4 1 2],6,3
1614,8,[3 1 5],5,4
1615,8,[4 2 1],6,5
1616,9,[3 1 5],9,4
1617,9,[4 3 5],17,5
1618,9,[1 2 3],3,1
1619,9,[5 3 4],16,4
1620,9,[1 3 2],3,1
1621,9,[4 3 5],11,4
1622,9,[3 5 4],10,5
1623,9,[4 1 2],3,3
1624,9,[5 3 4],10,5
1625,9,[3 5 4],10,1
1626,9,[2 1 4],9,3
1627,9,[4 1 2],1,1
1628,9,[1 3 2],5,3
1629,9,[1 3 2],2,2
1630,9,[1 3 4],2,1
1631,9,[4 3 5],3,2
1632,9,[1 3 2],23,2
1633,9,[1 3 2],5,5
1634,9,[4 1 2],4,1
1635,9,[4 1 2],15,1
1636,9,[5 3 4],3,2
1637,9,[4 1 2],12,4
1638,9,[3 1 5],7,5
1639,9,[1 2 4],5,2
1640,9,[1 2 4],4,3
1641,9,[2 1 4],2,1
1642,9,[1 3 2],11,2
1643,9,[3 1 5],2,2
1644,9,[3 1 5],10,1
1645,9,[4 1 2],13,2
1646,9,[5 3 4],7,1
1647,9,[5 3 4],7,5
1648,9,[5 4 3],4,1
1649,9,[2 1 4],7,2
1650,9,[2 1 4],1,1
1651,9,[1 3 2],8,3
1652,9,[4 1 2],3,3
1653,9,[3 1 5],5,4
1654,9,[2 4 1],9,5
1655,9,[4 1 2],20,3
1656,9,[1 2 3],4,2
1657,9,[3 5 1],3,2
1658,10,[2 1 4],4,1
1659,10,[4 3 5],9,5
1660,10,[5 3 4],5,4
1661,10,[1 3 4],5,5
1662,10,[4 1 2],16,3
1663,10,[3 1 5],9,4
1664,10,[1 3 4],5,2
1665,10,[2 1 4],19,1
1666,10,[1 2 3],4,2
1667,10,[3 1 5],14,5
1668,10,[1 3 4],2,1
1669,10,[2 1 4],1,1
1670,10,[5 3 4],4,4
1671,10,[3 5 4],11,5
1672,10,[3 1 5],7,4
1673,10,[1 2 4],3,3
1674,11,[4 1 2],24,5
1675,11,[4 2 1],7,3
1676,11,[3 1 5],6,4
1677,11,[5 3 4],2,2
1678,11,[4 5 3],7,4
1679,11,[4 5 3],4,1
1680,11,[3 1 5],4,4
1681,11,[5 3 4],3,3
1682,12,[5 3 4],11,3
1683,12,[3 1 5],3,2
1684,12,[2 1 4],15,1
1685,12,[4 2 5],7,4
1686,12,[3 5 1],22,4
1687,12,[4 1 2],6,1
1688,12,[1 3 2],4,3
1689,12,[3 1 5],9,4
1690,12,[4 2 1],8,4
1691,12,[1 2 4],8,1
1692,12,[4 1 2],2,1
1693,12,[5 3 4],6,5
1694,12,[3 5 4],7,3
1695,12,[3 1 5],10,1
1696,12,[4 1 2],17,3
1697,12,[4 2 1],12,5
1698,12,[1 3 2],10,2
1699,12,[1 2 4],20,2
1700,12,[3 1 5],17,4
1701,12,[1 2 4],1,1
1702,12,[4 1 2],4,2
1703,12,[1 2 4],4,4
1704,12,[4 2 5],17,4
1705,12,[3 1 5],6,4
1706,13,[1 3 4],3,1
1707,13,[1 3 2],8,2
1708,13,[1 2 3],5,4
1709,13,[3 5 4],4,3
1710,13,[1 3 2],6,2
1711,13,[3 1 5],20,3
1712,13,[4 5 3],8,4
1713,13,[1 2 3],6,4
1714,13,[3 1 5],4,2
1715,13,[5 4 3],8,2
1716,13,[1 3 2],8,5
1717,13,[4 1 2],7,4
1718,13,[1 2 3],23,1
1719,13,[1 3 2],7,3
1720,13,[4 3 5],1,1
1721,13,[2 4 1],23,4
1722,13,[4 1 2],5,1
1723,13,[5 4 3],1,1
1724,13,[5 3 4],5,4
1725,13,[1 2 4],4,3
1726,13,[1 2 3],5,3
1727,13,[4 1 2],10,2
1728,13,[3 1 5],7,1
1729,13,[4 1 2],9,5
1730,13,[3 1 5],2,2
1731,13,[1 2 3],6,4
1732,14,[3 1 5],18,2
1733,14,[1 2 3],8,5
1734,14,[1 2 3],6,1
1735,14,[4 1 2],18,5
1736,14,[1 2 4],7,1
1737,14,[1 3 2],5,3
1738,14,[3 1 5],6,1
1739,14,[3 1 5],6,2
1740,14,[4 2 5],5,5
1741,14,[3 5 4],13,1
1742,14,[1 3 2],4,2
1743,14,[5 3 4],6,4
1744,14,[5 3 4],5,2
1745,14,[5 4 3],4,4
1746,14,[2 1 4],5,3
1747,14,[3 1 5],13,5
1748,14,[5 3 4],20,2
1749,14,[1 3 2],24,5
1750,14,[5 3 4],5,5
1751,14,[1 2 4],6,4
1752,14,[1 3 2],18,1
1753,15,[4 3 5],21,1
1754,15,[5 3 4],18,3
1755,15,[3 1 5],5,5
1756,15,[3 1 5],6,1
1757,15,[3 5 4],19,5
1758,15,[3 1 5],4,4
1759,15,[1 2 3],15,4
1760,15,[4 1 2],9,2
1761,15,[3 1 5],7,4
1762,15,[1 3 2],1,1
1763,15,[1 2 4],20,5
1764,15,[3 1 5],5,5
1765,15,[1 2 4],6,2
1766,15,[1 2 3],7,3
1767,15,[4 1 2],3,2
1768,15,[3 5 4],5,4
1769,15,[3 1 5],6,1
1770,15,[5 3 4],22,4
1771,15,[2 1 4],7,1
1772,15,[4 2 5],2,2
1773,15,[5 4 3],14,5
1774,15,[5 4 3],7,2
1775,15,[4 1 2],16,1
1776,15,[4 1 2],7,5
1777,15,[4 3 5],7,2
1778,15,[3 5 1],19,2
1779,15,[4 1 2],10,4
1780,15,[4 1 2],24,2
1781,15,[5 3 4],4,4
1782,15,[4 3 5],2,2
1783,16,[4 1 2],8,5
1784,16,[3 5 1],16,3
1785,16,[3 5 1],21,1
1786,16,[3 5 4],6,5
1787,16,[1 3 2],6,3
1788,16,[1 3 2],5,5
1789,16,[5 3 4],6,2
1790,16,[1 3 2],22,3
1791,16,[2 1 4],22,3
1792,16,[1 2 4],3,2
1793,16,[1 3 2],5,5
1794,16,[5 3 4],5,1
1795,16,[3 1 5],4,4
1796,16,[1 3 4],9,4
1797,16,[2 1 4],18,5
1798,16,[4 1 2],21,3
1799,16,[3 5 1],3,1
1800,16,[4 5 3],6,2
1801,16,[1 2 4],6,4
1802,16,[1 2 4],8,1
1803,16,[1 3 2],3,3
1804,16,[1 3 2],11,5
1805,16,[4 2 5],6,1
1806,16,[1 3 2],18,5
1807,16,[1 3 2],4,1
1808,16,[5 3 4],18,4
1809,16,[3 5 1],19,3
1810,16,[4 1 2],11,4
1811,16,[1 2 4],4,3
1812,16,[5 4 3],4,2
1813,16,[5 3 4],16,5
1814,16,[2 1 4],23,2
1815,16,[4 3 5],10,5
1816,17,[4 1 2],6,5
1817,17,[4 3 5],4,4
1818,17,[3 1 5],5,4
1819,17,[1 2 3],22,4
1820,17,[3 5 4],8,4
1821,17,[4 1 2],20,5
1822,17,[2 1 4],5,2
1823,17,[1 3 2],3,1
1824,17,[4 1 2],16,5
1825,17,[1 3 2],4,1
1826,17,[1 2 3],10,5
1827,17,[5 4 3],24,4
1828,17,[3 5 4],13,3
1829,17,[5 3 4],8,3
1830,17,[4 3 5],4,4
1831,17,[1 3 2],5,1
1832,17,[1 3 2],3,2
1833,17,[4 2 5],4,4
1834,17,[1 3 4],4,3
1835,17,[2 1 4],4,4
1836,17,[3 5 1],11,5
1837,17,[1 2 3],4,1
1838,17,[4 5 3],3,1
1839,17,[1 3 4],18,2
1840,17,[5 4 3],5,2
1841,17,[1 3 4],24,4
1842,17,[1 3 2],14,4
1843,17,[2 1 4],19,5
1844,17,[4 5 3],8,5
1845,17,[1 2 4],4,4
1846,17,[3 1 5],5,4
1847,17,[4 3 5],5,5
1848,17,[3 1 5],11,4
1849,17,[1 3 2],3,1
1850,17,[1 2 4],11,5
1851,17,[3 5 1],5,1
1852,17,[4 1 2],6,3
1853,17,[3 1 5],7,5
1854,17,[5 3 4],6,2
1855,17,[5 3 4],2,2
1856,17,[5 3 4],3,1
1857,17,[3 1 5],18,4
1858,17,[4 3 5],23,1
1859,17,[1 3 2],1,1
1860,17,[2 4 1],7,4
1861,17,[3 1 5],21,1
1862,17,[1 3 2],6,2
1863,17,[4 1 2],7,1
1864,17,[3 5 1],4,3
1865,17,[4 2 1],11,2
1866,17,[1 3 4],10,5
1867,17,[5 3 4],22,5
1868,17,[5 3 4],3,3
1869,17,[4 2 5],5,4
1870,18,[2 1 4],5,5
1871,18,[1 2 4],1,1
1872,18,[1 2 4],5,1
1873,18,[5 3 4],4,1
1874,18,[4 1 2],22,5
1875,18,[4 5 3],24,5
1876,18,[1 3 4],18,2
1877,18,[1 3 2],2,1
1878,18,[3 5 4],6,3
1879,18,[1 3 2],4,4
1880,18,[1 2 4],3,3
1881,18,[5 3 4],2,2
1882,18,[1 2 3],15,1
1883,18,[1 3 2],4,2
1884,18,[1 3 4],14,3
1885,18,[1 2 3],21,3
1886,18,[4 5 3],2,1
1887,18,[4 5 3],8,3
1888,18,[1 3 2],15,4
1889,18,[4 3 5],11,3
1890,18,[5 3 4],20,5
1891,18,[3 1 5],7,5
1892,18,[1 2 3],1,1
1893,18,[5 3 4],4,4
1894,18,[3 5 4],20,5
1895,18,[4 5 3],10,5
1896,18,[1 3 2],19,1
1897,18,[5 3 4],7,5
1898,18,[3 1 5],2,2
1899,18,[4 2 1],22,4
1900,18,[1 3 4],17,1
1901,18,[1 2 3],2,1
1902,18,[3 5 4],4,4
1903,18,[5 3 4],21,2
1904,18,[2 4 1],24,1
1905,18,[1 2 4],6,5
1906,18,[4 3 5],12,3
1907,18,[2 1 4],6,2
1908,18,[2 1 4],8,4
1909,18,[5 3 4],17,3
1910,18,[4 3 5],3,3
1911,18,[4 1 2],2,2
1912,18,[5 3 4],5,5
1913,18,[4 3 5],3,1
1914,18,[1 2 4],4,1
1915,18,[3 1 5],15,2
1916,18,[1 3 2],19,2
1917,18,[1 2 4],5,2
1918,18,[1 3 2],10,3
1919,19,[3 5 4],5,5
1920,19,[1 3 2],6,3
1921,19,[1 3 4],22,2
1922,19,[3 1 5],17,4
1923,19,[5 3 4],1,1
1924,19,[4 5 3],4,3
1925,19,[4 1 2],14,3
1926,19,[4 5 3],4,4
1927,19,[3 5 1],14,3
1928,19,[4 1 2],5,4
1929,19,[2 1 4],21,5
1930,19,[3 5 4],9,3
1931,19,[1 3 4],19,3
1932,19,[5 3 4],6,5
1933,19,[4 2 5],1,1
1934,19,[3 5 1],3,3
1935,19,[4 1 2],15,4
1936,19,[3 5 4],20,1
1937,19,[3 5 1],5,5
1938,19,[1 2 4],20,1
1939,19,[3 1 5],21,5
1940,19,[1 3 2],18,5
1941,19,[3 1 5],17,1
1942,19,[5 3 4],9,4
1943,19,[5 3 4],20,4
1944,19,[1 3 2],17,2
1945,19,[4 3 5],6,2
1946,19,[3 5 1],16,3
1947,19,[2 4 1],8,4
1948,19,[1 2 3],3,3
1949,19,[1 3 4],3,1
1950,19,[4 3 5],9,3
1951,19,[4 1 2],6,1
1952,19,[1 2 3],14,5
1953,19,[1 3 2],5,3
1954,19,[1 3 2],18,1
1955,19,[2 1 4],22,5
1956,19,[5 3 4],6,4
1957,19,[4 2 1],20,2
1958,19,[3 5 4],19,4
1959,19,[3 1 5],5,1
1960,19,[3 5 4],15,2
1961,19,[1 2 4],24,3
1962,19,[3 5 4],5,5
1963,19,[4 1 2],8,3
1964,19,[5 3 4],8,5
1965,19,[4 5 3],19,4
1966,19,[1 3 2],4,3
1967,19,[1 3 2],16,5
1968,20,[3 1 5],5,5
1969,20,[1 3 4],14,5
1970,20,[1 3 2],13,1
1971,20,[3 5 1],17,1
1972,20,[4 2 5],8,3
1973,20,[1 3 4],3,2
1974,20,[1 3 4],1,1
1975,20,[1 3 2],1,1
1976,20,[4 1 2],19,4
1977,20,[4 1 2],7,3
1978,20,[1 2 3],4,3
1979,20,[2 4 1],6,4
1980,20,[5 3 4],11,5
1981,20,[4 1 2],11,2
1982,20,[4 3 5],18,4
1983,20,[3 1 5],3,1
1984,20,[4 2 5],6,5
1985,20,[1 3 4],5,5
1986,20,[3 1 5],22,3
1987,20,[1 2 4],7,3
1988,20,[5 3 4],24,3
1989,20,[3 1 5],9,4
1990,20,[1 3 2],1,1
1991,20,[3 5 4],13,2
1992,21,[5 4 3],1,1
1993,21,[3 1 5],24,2
1994,21,[1 3 2],19,2
1995,21,[1 3 4],3,2
1996,21,[2 4 1],14,5
1997,21,[1 3 4],23,5
1998,21,[1 2 3],4,3
1999,21,[5 4 3],17,5
2000,21,[3 5 4],4,3
2001,21,[1 2 3],16,4
2002,22,[3 1 5],12,1
2003,22,[5 3 4],11,4
2004,22,[4 1 2],16,1
2005,23,[1 3 2],4,3
2006,1,[1 2 4],9,3
2007,1,[1 2 3],17,4
2008,1,[3 1 5],21,4
2009,1,[2 4 1],6,3
2010,3,[1 3 2],7,4
2011,3,[1 3 2],8,1
2012,3,[3 1 5],1,1
2013,3,[4 5 3],16,4
2014,3,[2 1 4],12,3
2015,3,[1 3 4],18,1
2016,3,[4 1 2],9,4
2017,5,[5 3 4],5,2
2018,5,[4 2 5],8,5
2019,5,[4 1 2],9,5
2020,5,[3 5 4],7,4
2021,6,[1 3 2],8,4
2022,6,[1 3 4],2,2
2023,6,[5 4 3],15,3
2024,6,[1 3 4],12,4
2025,6,[1 3 2],11,3
2026,6,[3 1 5],3,3
2027,6,[4 3 5],20,1
2028,6,[1 2 4],6,3
2029,6,[4 1 2],6,2
2030,6,[2 1 4],9,4
2031,6,[4 3 5],7,5
2032,6,[3 1 5],5,3
2033,6,[4 2 1],3,3
2034,6,[4 1 2],7,5
2035,6,[1 2 4],11,3
2036,6,[3 5 4],2,2
2037,6,[4 5 3],1,1
2038,6,[1 3 2],7,4
2039,7,[5 3 4],9,4
2040,7,[1 3 4],5,3
2041,7,[2 1 4],7,3
2042,7,[2 1 4],13,5
2043,7,[5 3 4],5,5
2044,7,[3 1 5],23,4
2045,7,[4 1 2],22,5
2046,7,[1 3 2],4,2
2047,7,[3 5 1],5,2
2048,7,[2 1 4],22,5
2049,7,[3 1 5],14,4
2050,7,[5 3 4],6,4
2051,7,[3 1 5],9,5
2052,7,[2 4 1],13,5
2053,7,[5 4 3],6,4
2054,7,[3 1 5],5,2
2055,7,[4 5 3],7,5
2056,7,[1 3 2],8,5
2057,7,[1 3 4],11,2
2058,7,[5 3 4],19,4
2059,7,[1 2 3],18,5
2060,7,[3 5 4],7,5
2061,7,[4 1 2],11,3
2062,7,[4 2 5],10,5
2063,7,[3 1 5],2,2
2064,7,[3 1 5],18,4
2065,7,[4 1 2],4,4
2066,7,[1 3 2],9,4
2067,7,[3 1 5],1,1
2068,7,[3 1 5],24,2
2069,7,[3 1 5],4,4
2070,7,[5 3 4],7,3
2071,7,[4 1 2],5,2
2072,7,[1 3 2],12,5
2073,7,[3 5 4],7,1
2074,7,[3 1 5],8,3
2075,7,[4 5 3],1,1
2076,7,[4 2 1],24,5
2077,7,[1 2 3],7,3
2078,7,[4 3 5],7,5
2079,7,[2 4 1],2,2
2080,7,[3 1 5],18,3
2081,7,[3 5 4],6,2
2082,7,[2 1 4],3,2
2083,7,[3 5 4],7,5
2084,7,[4 3 5],9,2
2085,7,[1 2 3],11,2
2086,7,[5 4 3],13,2
2087,8,[3 1 5],8,4
2088,8,[4 3 5],1,1
2089,8,[5 3 4],3,3
2090,8,[5 3 4],3,1
2091,8,[1 2 3],5,2
2092,8,[2 4 1],20,3
2093,8,[1 2 4],12,4
2094,8,[3 5 1],5,5
2095,8,[3 1 5],5,1
2096,8,[1 2 3],5,5
2097,8,[1 2 3],5,5
2098,8,[5 3 4],10,4
2099,8,[3 5 4],4,3
2100,8,[4 3 5],1,1
2101,8,[4 1 2],12,1
2102,8,[4 2 1],7,1
2103,8,[5 4 3],6,3
2104,8,[5 3 4],6,4
2105,8,[1 2 3],7,5
2106,8,[4 2 1],9,1
2107,8,[1 2 3],23,4
2108,8,[2 1 4],15,5
2109,8,[1 2 4],13,1
2110,8,[5 3 4],9,3
2111,8,[3 5 4],8,2
2112,8,[4 1 2],5,5
2113,8,[4 1 2],1,1
2114,8,[4 2 1],7,5
2115,8,[4 3 5],4,2
2116,8,[3 5 1],3,2
2117,8,[4 1 2],11,5
2118,8,[5 3 4],6,5
2119,8,[1 2 4],23,2
2120,8,[4 3 5],11,5
2121,8,[3 1 5],4,1
2122,8,[3 5 1],11,5
2123,8,[5 3 4],5,5
2124,8,[4 5 3],3,3
2125,8,[3 5 4],10,4
2126,8,[5 3 4],3,3
2127,8,[3 1 5],9,2
2128,8,[1 2 3],6,5
2129,8,[3 5 4],14,4
2130,8,[4 3 5],4,2
2131,8,[1 2 3],24,3
2132,8,[5 3 4],19,4
2133,8,[4 3 5],6,5
2134,8,[3 1 5],17,3
2135,8,[3 5 1],17,5
2136,8,[4 3 5],5,4
2137,9,[5 4 3],6,3
2138,9,[3 1 5],9,1
2139,9,[1 3 2],10,1
2140,9,[3 1 5],10,5
2141,9,[1 3 2],1,1
2142,9,[3 5 4],12,1
2143,9,[5 3 4],9,4
2144,9,[4 5 3],12,4
2145,9,[3 1 5],2,2
2146,9,[1 3 2],13,5
2147,9,[4 1 2],7,3
2148,9,[2 4 1],7,5
2149,9,[4 1 2],5,5
2150,9,[4 1 2],7,2
2151,9,[4 3 5],5,4
2152,9,[2 1 4],12,3
2153,9,[5 3 4],8,3
2154,9,[3 1 5],7,2
2155,9,[3 1 5],10,5
2156,9,[1 3 4],7,2
2157,9,[5 3 4],5,5
2158,9,[1 2 4],23,2
2159,9,[4 5 3],12,5
2160,9,[4 3 5],9,5
2161,9,[4 2 5],6,5
2162,9,[5 3 4],2,1
2163,9,[3 1 5],1,1
2164,9,[4 3 5],4,2
2165,9,[2 1 4],7,3
2166,9,[3 1 5],21,4
2167,9,[2 1 4],12,1
2168,9,[1 3 2],13,5
2169,9,[3 1 5],11,1
2170,9,[1 3 2],10,4
2171,9,[3 5 1],20,4
2172,9,[1 2 3],7,1
2173,9,[5 3 4],5,1
2174,9,[1 2 3],6,3
2175,9,[2 4 1],8,2
2176,10,[3 1 5],20,4
2177,10,[3 1 5],16,5
2178,10,[5 3 4],8,2
2179,10,[1 3 4],15,4
2180,10,[4 1 2],22,1
2181,10,[3 5 4],6,3
2182,10,[3 1 5],1,1
2183,10,[4 2 1],3,2
2184,10,[1 3 2],6,1
2185,10,[3 5 1],21,1
2186,10,[1 3 2],14,4
2187,10,[2 1 4],10,5
2188,10,[3 1 5],12,4
2189,10,[5 4 3],6,5
2190,10,[5 3 4],11,5
2191,10,[1 2 3],5,5
2192,10,[4 2 5],2,1
2193,10,[1 2 3],4,2
2194,10,[3 5 4],5,4
2195,10,[4 5 3],7,3
2196,10,[2 1 4],10,5
2197,11,[2 4 1],3,2
2198,11,[3 1 5],12,1
2199,11,[1 2 3],11,4
2200,11,[4 2 5],6,4
2201,11,[1 3 4],2,2
2202,11,[3 5 4],3,1
2203,11,[3 1 5],6,1
2204,11,[1 2 4],12,4
2205,11,[2 1 4],8,4
2206,11,[3 1 5],8,4
2207,11,[4 1 2],1,1
2208,11,[4 3 5],2,1
2209,11,[1 2 4],7,4
2210,11,[4 1 2],11,4
2211,11,[4 1 2],7,4
2212,11,[4 1 2],14,4
2213,12,[4 1 2],9,5
2214,12,[1 3 4],22,5
2215,12,[1 2 3],11,5
2216,12,[2 1 4],7,4
2217,12,[1 3 2],2,1
2218,12,[1 2 3],2,1
2219,12,[4 3 5],7,4
2220,12,[1 3 2],24,2
2221,12,[3 1 5],24,1
2222,12,[5 3 4],10,4
2223,13,[3 5 4],5,4
2224,13,[5 3 4],5,4
2225,13,[1 2 4],3,2
2226,13,[2 4 1],8,2
2227,13,[1 3 2],24,5
2228,13,[4 1 2],7,4
2229,13,[4 1 2],17,5
2230,13,[5 3 4],4,4
2231,13,[4 5 3],23,5
2232,13,[4 1 2],1,1
2233,13,[4 1 2],4,4
2234,13,[3 5 4],4,4
2235,13,[5 3 4],3,2
2236,13,[4 1 2],6,5
2237,13,[1 3 2],10,5
2238,13,[1 3 2],8,3
2239,13,[2 4 1],5,3
2240,13,[2 1 4],21,4
2241,13,[1 2 4],5,4
2242,13,[1 3 4],1,1
2243,13,[4 1 2],1,1
2244,13,[3 5 4],6,5
2245,13,[1 2 4],7,5
2246,14,[4 5 3],13,3
2247,14,[4 1 2],6,5
2248,14,[1 3 4],1,1
2249,14,[1 2 4],20,3
2250,14,[5 3 4],24,3
2251,14,[3 5 4],6,5
2252,14,[5 4 3],8,3
2253,14,[4 3 5],21,2
2254,14,[4 1 2],2,1
2255,14,[3 1 5],5,5
2256,14,[3 1 5],3,1
2257,14,[3 5 4],3,2
2258,14,[1 3 2],4,4
2259,14,[1 2 4],5,1
2260,14,[1 3 2],5,1
2261,14,[4 1 2],23,1
2262,14,[3 5 4],15,2
2263,14,[1 3 2],4,3
2264,14,[1 3 4],4,2
2265,14,[4 1 2],7,4
2266,15,[3 1 5],6,3
2267,15,[5 3 4],9,3
2268,15,[3 1 5],5,5
2269,15,[5 3 4],21,4
2270,15,[4 5 3],1,1
2271,15,[4 1 2],18,4
2272,15,[1 2 3],12,4
2273,15,[1 3 2],7,1
2274,15,[1 3 2],8,3
2275,15,[1 3 2],16,5
2276,15,[4 1 2],5,3
2277,15,[2 1 4],1,1
2278,15,[3 5 4],6,1
2279,16,[3 1 5],20,4
2280,16,[1 2 4],19,5
2281,16,[1 2 3],3,3
2282,16,[1 2 4],20,5
2283,16,[3 5 4],4,1
2284,16,[4 1 2],3,2
2285,16,[2 1 4],22,2
2286,16,[1 3 4],6,1
2287,16,[1 3 2],6,3
2288,16,[5 3 4],3,3
2289,16,[3 5 1],2,1
2290,16,[2 4 1],2,1
2291,16,[1 3 4],10,3
2292,16,[1 3 2],24,3
2293,16,[3 5 4],4,3
2294,16,[4 2 1],23,5
2295,16,[1 3 4],19,5
2296,16,[3 1 5],20,4
2297,16,[3 1 5],8,5
2298,16,[1 2 3],2,2
2299,16,[1 3 2],2,1
2300,16,[5 3 4],11,3
2301,16,[5 4 3],3,1
2302,16,[3 1 5],23,4
2303,16,[1 2 3],16,4
2304,16,[1 3 2],7,1
2305,16,[2 1 4],6,1
2306,16,[3 1 5],6,5
2307,16,[2 1 4],16,5
2308,16,[1 3 2],4,4
2309,16,[3 1 5],1,1
2310,16,[4 3 5],7,4
2311,16,[4 3 5],11,4
2312,17,[1 2 4],19,4
2313,17,[3 5 1],5,4
2314,17,[5 3 4],8,3
2315,17,[4 2 5],3,2
2316,17,[1 2 3],6,5
2317,17,[1 3 2],18,1
2318,17,[4 1 2],5,1
2319,17,[5 4 3],1,1
2320,17,[4 1 2],15,3
2321,17,[4 1 2],4,1
2322,17,[3 1 5],23,5
2323,17,[3 5 1],6,3
2324,17,[1 3 2],9,3
2325,17,[2 1 4],19,5
2326,17,[4 1 2],7,5
2327,17,[3 1 5],3,1
2328,17,[1 3 4],7,1
2329,17,[4 2 5],4,3
2330,17,[2 1 4],12,1
2331,17,[4 3 5],7,5
2332,17,[5 4 3],20,5
2333,17,[4 3 5],6,5
2334,17,[1 2 3],2,1
2335,17,[1 2 4],1,1
2336,17,[5 4 3],3,1
2337,17,[1 3 2],11,3
2338,17,[1 3 2],21,2
2339,17,[1 3 2],8,2
2340,17,[1 2 3],6,4
2341,17,[5 3 4],8,4
2342,17,[2 1 4],5,4
2343,17,[1 2 4],4,2
2344,17,[5 4 3],12,2
2345,17,[3 1 5],20,1
2346,17,[5 3 4],3,2
2347,17,[2 1 4],4,4
2348,17,[5 3 4],7,5
2349,17,[3 1 5],18,2
2350,17,[2 1 4],6,4
2351,18,[1 2 3],14,1
2352,18,[4 2 5],5,5
2353,18,[4 1 2],4,1
2354,18,[4 1 2],24,4
2355,18,[1 2 4],4,3
2356,18,[3 1 5],5,5
2357,18,[1 2 3],5,2
2358,18,[4 2 5],3,3
2359,18,[1 2 4],4,2
2360,18,[3 1 5],12,5
2361,18,[1 2 3],9,4
2362,18,[3 1 5],22,4
2363,18,[2 4 1],2,1
2364,18,[2 4 1],6,2
2365,18,[5 3 4],11,3
2366,18,[3 5 4],23,1
2367,18,[5 3 4],3,2
2368,18,[1 3 2],8,4
2369,18,[4 5 3],6,2
2370,18,[2 4 1],6,3
2371,18,[3 5 1],1,1
2372,18,[3 1 5],12,1
2373,18,[3 1 5],3,1
2374,18,[3 5 1],16,5
2375,18,[3 5 1],9,3
2376,18,[3 1 5],2,2
2377,18,[5 3 4],2,1
2378,18,[4 2 5],1,1
2379,18,[1 2 4],3,1
2380,18,[4 2 5],4,4
2381,18,[1 3 4],7,3
2382,18,[3 1 5],9,4
2383,18,[3 1 5],3,3
2384,18,[1 3 4],12,4
2385,18,[3 1 5],5,3
2386,18,[2 1 4],5,5
2387,18,[1 2 4],8,4
2388,18,[3 1 5],21,3
2389,18,[5 4 3],4,4
2390,18,[3 1 5],9,5
2391,18,[5 3 4],4,4
2392,18,[1 3 2],6,4
2393,18,[1 2 3],6,4
2394,18,[1 3 2],9,1
2395,18,[1 3 4],10,2
2396,18,[2 1 4],6,1
2397,19,[1 3 2],6,5
2398,19,[3 1 5],8,5
2399,19,[3 1 5],9,1
2400,19,[4 2 1],7,4
2401,19,[2 4 1],2,2
2402,19,[1 3 4],7,3
2403,19,[4 1 2],6,4
2404,19,[1 3 2],10,3
2405,19,[4 1 2],14,5
2406,19,[5 4 3],6,1
2407,19,[4 1 2],5,4
2408,19,[1 3 4],4,4
2409,19,[5 3 4],3,1
2410,19,[3 1 5],2,1
2411,19,[1 3 2],9,4
2412,19,[3 5 4],8,3
2413,19,[2 4 1],5,5
2414,19,[2 4 1],7,3
2415,19,[2 1 4],6,1
2416,19,[3 1 5],1,1
2417,19,[3 1 5],7,2
2418,19,[3 5 4],9,1
2419,19,[3 1 5],2,1
2420,19,[3 5 4],8,5
2421,19,[5 3 4],16,1
2422,19,[3 5 4],9,3
2423,19,[3 5 4],15,4
2424,19,[5 3 4],6,5
2425,19,[1 3 2],8,1
2426,19,[1 3 2],19,4
2427,19,[3 1 5],15,3
2428,19,[2 4 1],9,2
2429,19,[5 4 3],4,3
2430,19,[1 2 3],11,4
2431,19,[4 3 5],14,4
2432,19,[4 1 2],5,1
2433,19,[3 1 5],17,4
2434,19,[4 1 2],21,5
2435,20,[1 3 2],14,5
2436,20,[4 1 2],23,5
2437,20,[5 4 3],7,3
2438,20,[3 1 5],14,2
2439,20,[3 1 5],23,2
2440,20,[2 4 1],3,2
2441,20,[1 3 4],19,5
2442,20,[1 3 2],1,1
2443,20,[5 3 4],4,2
2444,20,[5 3 4],7,4
2445,20,[3 5 4],12,4
2446,20,[3 1 5],12,5
2447,20,[1 2 4],20,5
2448,20,[3 1 5],6,1
2449,20,[4 3 5],6,5
2450,20,[1 3 2],17,4
2451,20,[1 3 2],23,3
2452,20,[5 4 3],5,3
2453,20,[3 1 5],24,4
2454,20,[1 2 3],5,5
2455,20,[1 2 4],1,1
2456,20,[1 3 4],20,3
2457,20,[4 3 5],5,4
2458,20,[4 2 5],20,5
2459,20,[2 4 1],11,3
2460,20,[3 5 4],20,5
2461,20,[1 2 4],22,5
2462,20,[2 4 1],5,5
2463,20,[1 2 4],8,2
2464,20,[4 3 5],14,5
2465,21,[1 3 4],8,4
2466,21,[4 3 5],5,3
2467,21,[2 1 4],9,2
2468,21,[4 5 3],18,1
2469,21,[5 4 3],12,3
2470,21,[4 2 1],7,3
2471,21,[2 1 4],9,4
2472,21,[3 5 1],22,4
2473,21,[1 3 4],15,5
2474,22,[5 3 4],10,2
2475,22,[3 1 5],5,2
2476,22,[3 1 5],23,4
2477,22,[4 3 5],5,3
2478,22,[4 3 5],8,4
2479,22,[3 5 4],24,4
2480,22,[3 1 5],18,5
